Date,Close,High,Low,Open,Volume
2026-04-13 13:30:00+00:00,186.4499969482422,186.4499969482422,185.7400054931641,186.0200042724609,9865438
2026-04-13 13:35:00+00:00,186.31500244140625,186.6000061035156,186.13999938964844,186.4499969482422,3273305
2026-04-13 13:40:00+00:00,186.2350006103516,186.97999572753903,186.16000366210935,186.32000732421875,3489225
2026-04-13 13:45:00+00:00,186.88009643554688,187.0500030517578,186.0,186.2350006103516,3045456
2026-04-13 13:50:00+00:00,187.66000366210935,187.6699981689453,186.7303924560547,186.88999938964844,2449631
2026-04-13 13:55:00+00:00,188.0249938964844,188.0500030517578,187.30999755859372,187.6649932861328,2350891
2026-04-13 14:00:00+00:00,188.1699981689453,188.25,187.8999938964844,188.0229949951172,2171998
2026-04-13 14:05:00+00:00,188.0200042724609,188.33999633789065,187.7050018310547,188.16000366210935,2578000
2026-04-13 14:10:00+00:00,187.88999938964844,188.1100006103516,187.7449951171875,188.01499938964844,1776853
2026-04-13 14:15:00+00:00,188.05499267578125,188.07000732421875,187.6199951171875,187.8999938964844,1716050
2026-04-13 14:20:00+00:00,188.22000122070312,188.3000030517578,187.80999755859372,188.05979919433597,1804355
2026-04-13 14:25:00+00:00,188.4199066162109,188.47999572753903,188.13999938964844,188.2100982666016,1422543
2026-04-13 14:30:00+00:00,188.50970458984372,188.5399932861328,188.13499450683597,188.41000366210935,1249879
2026-04-13 14:35:00+00:00,188.6000061035156,188.6300048828125,188.1999969482422,188.5,1449472
2026-04-13 14:40:00+00:00,188.8950042724609,188.8999938964844,188.33999633789065,188.5998992919922,1673917
2026-04-13 14:45:00+00:00,189.0921936035156,189.1100006103516,188.8500061035156,188.8950042724609,1890588
2026-04-13 14:50:00+00:00,189.2700042724609,189.35499572753903,188.97000122070312,189.1000061035156,1330705
2026-04-13 14:55:00+00:00,189.3600006103516,189.6300048828125,189.13499450683597,189.2550048828125,2098135
2026-04-13 15:00:00+00:00,189.01499938964844,189.375,188.8999938964844,189.375,1866649
2026-04-13 15:05:00+00:00,189.3950042724609,189.5050048828125,188.9499969482422,189.0,1499819
2026-04-13 15:10:00+00:00,189.4750061035156,189.6499938964844,189.27999877929688,189.39010620117188,2013476
2026-04-13 15:15:00+00:00,189.35499572753903,189.5800018310547,189.30999755859372,189.4799041748047,1060938
2026-04-13 15:20:00+00:00,189.18499755859372,189.58999633789065,189.16000366210935,189.3500061035156,1236406
2026-04-13 15:25:00+00:00,188.6107940673828,189.2400054931641,188.5800018310547,189.17999267578125,1552617
2026-04-13 15:30:00+00:00,188.5102996826172,188.65499877929688,188.41000366210935,188.6199951171875,1576330
2026-04-13 15:35:00+00:00,188.72000122070312,188.89990234375,188.3500061035156,188.5200042724609,1548462
2026-04-13 15:40:00+00:00,188.3350067138672,188.75,188.3101043701172,188.7100067138672,976968
2026-04-13 15:45:00+00:00,188.5050048828125,188.5449981689453,188.2700042724609,188.33999633789065,1152030
2026-04-13 15:50:00+00:00,188.2174072265625,188.58999633789065,188.1699981689453,188.5050048828125,1149156
2026-04-13 15:55:00+00:00,188.2570037841797,188.30990600585935,188.0,188.22000122070312,1197708
2026-04-13 16:00:00+00:00,188.08099365234372,188.35499572753903,187.9949951171875,188.26150512695312,1017972
2026-04-13 16:05:00+00:00,188.2749938964844,188.3699951171875,187.9199981689453,188.0850067138672,1524046
2026-04-13 16:10:00+00:00,188.1495056152344,188.38699340820312,188.08999633789065,188.2700042724609,871027
2026-04-13 16:15:00+00:00,188.19000244140625,188.30499267578125,187.9199981689453,188.1450042724609,962742
2026-04-13 16:20:00+00:00,188.3950042724609,188.4499969482422,188.10499572753903,188.19000244140625,888057
2026-04-13 16:25:00+00:00,188.44509887695312,188.6199951171875,188.2100067138672,188.38499450683597,1099187
2026-04-13 16:30:00+00:00,188.1999969482422,188.44000244140625,187.9900054931641,188.44000244140625,1018121
2026-04-13 16:35:00+00:00,188.2001953125,188.44000244140625,188.16000366210935,188.1999969482422,856966
2026-04-13 16:40:00+00:00,188.21499633789065,188.34500122070312,187.8500061035156,188.2100067138672,1329498
2026-04-13 16:45:00+00:00,188.19000244140625,188.44000244140625,188.10499572753903,188.1999969482422,1023390
2026-04-13 16:50:00+00:00,188.21499633789065,188.4900054931641,188.05499267578125,188.19000244140625,1172239
2026-04-13 16:55:00+00:00,188.34500122070312,188.3999938964844,188.1150054931641,188.21499633789065,832291
2026-04-13 17:00:00+00:00,188.4600067138672,188.64990234375,188.33999633789065,188.34500122070312,1128656
2026-04-13 17:05:00+00:00,188.22000122070312,188.5500030517578,188.1699981689453,188.4600067138672,969529
2026-04-13 17:10:00+00:00,188.27999877929688,188.32989501953125,188.1999969482422,188.22000122070312,814994
2026-04-13 17:15:00+00:00,188.42739868164065,188.46499633789065,188.21499633789065,188.27999877929688,674854
2026-04-13 17:20:00+00:00,188.25509643554688,188.4250030517578,188.22999572753903,188.42140197753903,679740
2026-04-13 17:25:00+00:00,188.2050018310547,188.34500122070312,188.1199951171875,188.25250244140625,681553
2026-04-13 17:30:00+00:00,188.07989501953125,188.3300018310547,188.0399932861328,188.2100067138672,712462
2026-04-13 17:35:00+00:00,188.17010498046875,188.2350006103516,188.0200042724609,188.0800018310547,802077
2026-04-13 17:40:00+00:00,188.19500732421875,188.4199981689453,188.16000366210935,188.16000366210935,902627
2026-04-13 17:45:00+00:00,188.16720581054688,188.25999450683597,188.0800018310547,188.19000244140625,628054
2026-04-13 17:50:00+00:00,188.17999267578125,188.2350006103516,187.97999572753903,188.1649932861328,924266
2026-04-13 17:55:00+00:00,188.09500122070312,188.30999755859372,188.0749969482422,188.1699981689453,741576
2026-04-13 18:00:00+00:00,188.19500732421875,188.25,188.09500122070312,188.09500122070312,936703
2026-04-13 18:05:00+00:00,188.2050018310547,188.22999572753903,188.125,188.19009399414065,501392
2026-04-13 18:10:00+00:00,188.08909606933597,188.22999572753903,188.0800018310547,188.20050048828125,832414
2026-04-13 18:15:00+00:00,188.1100006103516,188.1499938964844,188.0050048828125,188.0800018310547,699170
2026-04-13 18:20:00+00:00,188.0399932861328,188.13499450683597,188.0399932861328,188.10499572753903,580038
2026-04-13 18:25:00+00:00,188.0198974609375,188.1499938964844,187.97000122070312,188.02999877929688,860033
2026-04-13 18:30:00+00:00,188.1100006103516,188.12989807128903,187.9900054931641,188.00999450683597,750763
2026-04-13 18:35:00+00:00,188.20989990234372,188.2100067138672,188.0800018310547,188.1000061035156,618743
2026-04-13 18:40:00+00:00,188.21910095214844,188.26510620117188,188.1000061035156,188.2100067138672,669517
2026-04-13 18:45:00+00:00,188.3101043701172,188.42990112304688,188.2100067138672,188.21499633789065,921024
2026-04-13 18:50:00+00:00,188.5850067138672,188.58999633789065,188.22999572753903,188.32000732421875,1139781
2026-04-13 18:55:00+00:00,188.5449981689453,188.72999572753903,188.50999450683597,188.57009887695312,1204826
2026-04-13 19:00:00+00:00,188.6699981689453,188.6999969482422,188.50999450683597,188.5449981689453,796120
2026-04-13 19:05:00+00:00,188.6699981689453,188.69000244140625,188.57000732421875,188.67999267578125,785492
2026-04-13 19:10:00+00:00,188.61839294433597,188.67999267578125,188.47999572753903,188.67999267578125,968053
2026-04-13 19:15:00+00:00,188.8300018310547,188.88999938964844,188.55999755859372,188.6199951171875,1229805
2026-04-13 19:20:00+00:00,188.73989868164065,188.8374938964844,188.72000122070312,188.83009338378903,1087485
2026-04-13 19:25:00+00:00,188.7050018310547,188.7899932861328,188.63999938964844,188.7350006103516,805365
2026-04-13 19:30:00+00:00,188.8509979248047,189.0,188.6100006103516,188.6999969482422,1471668
2026-04-13 19:35:00+00:00,188.6100006103516,188.91000366210935,188.6000061035156,188.8500061035156,835540
2026-04-13 19:40:00+00:00,188.6898956298828,188.72000122070312,188.38999938964844,188.6000061035156,1297401
2026-04-13 19:45:00+00:00,188.82000732421875,188.82000732421875,188.6114959716797,188.69000244140625,1086481
2026-04-13 19:50:00+00:00,189.3999938964844,189.4550018310547,188.81500244140625,188.82000732421875,2913556
2026-04-13 19:55:00+00:00,189.2100067138672,189.4199981689453,189.13999938964844,189.375,4930159
2026-04-14 13:30:00+00:00,192.2050018310547,193.30999755859372,190.8000030517578,190.8300018310547,13867619
2026-04-14 13:35:00+00:00,190.8600006103516,192.3699951171875,190.80999755859372,192.1999969482422,3773111
2026-04-14 13:40:00+00:00,192.2801055908203,192.3249969482422,190.83999633789065,190.8699951171875,4215092
2026-04-14 13:45:00+00:00,192.8000030517578,192.82000732421875,192.2530059814453,192.2700042724609,4048140
2026-04-14 13:50:00+00:00,192.83009338378903,193.19000244140625,192.63999938964844,192.80499267578125,3113932
2026-04-14 13:55:00+00:00,192.2400054931641,192.8600006103516,192.1300048828125,192.82000732421875,2687685
2026-04-14 14:00:00+00:00,191.59950256347656,192.2400054931641,191.4600067138672,192.22999572753903,2666445
2026-04-14 14:05:00+00:00,191.9750061035156,191.9900054931641,191.5800018310547,191.5800018310547,1862475
2026-04-14 14:10:00+00:00,192.427001953125,192.52999877929688,191.88999938964844,191.9750061035156,2474691
2026-04-14 14:15:00+00:00,192.33770751953125,192.5691070556641,192.25999450683597,192.42010498046875,1383831
2026-04-14 14:20:00+00:00,192.7100067138672,192.72999572753903,192.30999755859372,192.3350067138672,1315804
2026-04-14 14:25:00+00:00,192.8600006103516,192.9900054931641,192.52999877929688,192.71499633789065,2111639
2026-04-14 14:30:00+00:00,192.8350067138672,192.8950042724609,192.66000366210935,192.8699951171875,1330531
2026-04-14 14:35:00+00:00,193.12989807128903,193.4750061035156,192.7949981689453,192.8350067138672,2977181
2026-04-14 14:40:00+00:00,193.10989379882807,193.25,192.92999267578125,193.1199951171875,1610318
2026-04-14 14:45:00+00:00,193.2949981689453,193.3500061035156,193.0399932861328,193.10499572753903,1389444
2026-04-14 14:50:00+00:00,193.3574066162109,193.4199981689453,193.0800018310547,193.2949981689453,1381493
2026-04-14 14:55:00+00:00,193.32000732421875,193.39979553222656,193.2100067138672,193.3600006103516,1053356
2026-04-14 15:00:00+00:00,192.9900054931641,193.3300018310547,192.9499969482422,193.3300018310547,1538312
2026-04-14 15:05:00+00:00,192.6999969482422,193.0,192.66000366210935,192.9949951171875,1457201
2026-04-14 15:10:00+00:00,193.1199951171875,193.22000122070312,192.6699981689453,192.6999969482422,1777724
2026-04-14 15:15:00+00:00,193.1649932861328,193.2400054931641,192.9499969482422,193.1199951171875,1038755
2026-04-14 15:20:00+00:00,193.55999755859372,193.6100006103516,193.125,193.1699981689453,2150366
2026-04-14 15:25:00+00:00,193.44500732421875,193.72999572753903,193.42999267578125,193.55999755859372,1601812
2026-04-14 15:30:00+00:00,193.3650054931641,193.50999450683597,193.3300018310547,193.44500732421875,2113039
2026-04-14 15:35:00+00:00,193.80499267578125,193.80999755859372,193.3500061035156,193.3600006103516,1555381
2026-04-14 15:40:00+00:00,193.875,194.1000061035156,193.7200927734375,193.8000030517578,2522583
2026-04-14 15:45:00+00:00,194.1499938964844,194.25,193.84800720214844,193.8800048828125,1810652
2026-04-14 15:50:00+00:00,194.2949981689453,194.389892578125,194.1300048828125,194.13999938964844,1450493
2026-04-14 15:55:00+00:00,194.0249938964844,194.3249969482422,193.9900054931641,194.2899932861328,1254478
2026-04-14 16:00:00+00:00,194.21499633789065,194.2761993408203,194.0,194.0200042724609,1275020
2026-04-14 16:05:00+00:00,194.57000732421875,194.58999633789065,194.13999938964844,194.22000122070312,1673753
2026-04-14 16:10:00+00:00,194.5449981689453,194.59829711914065,194.4750061035156,194.5749969482422,940675
2026-04-14 16:15:00+00:00,194.6999053955078,194.75,194.5200042724609,194.5449981689453,1278582
2026-04-14 16:20:00+00:00,194.8000946044922,194.88999938964844,194.6699981689453,194.6909942626953,1258520
2026-04-14 16:25:00+00:00,194.7998962402344,194.94000244140625,194.7700042724609,194.80099487304688,1479118
2026-04-14 16:30:00+00:00,194.5749969482422,194.8800048828125,194.5249938964844,194.80589294433597,1270114
2026-04-14 16:35:00+00:00,194.7949981689453,194.83990478515625,194.55999755859372,194.57760620117188,1169398
2026-04-14 16:40:00+00:00,194.6999969482422,194.8300018310547,194.6699981689453,194.7969970703125,1173695
2026-04-14 16:45:00+00:00,194.8072967529297,194.8249969482422,194.56500244140625,194.6999969482422,1330782
2026-04-14 16:50:00+00:00,194.6199951171875,194.82000732421875,194.58999633789065,194.80999755859372,886522
2026-04-14 16:55:00+00:00,194.56500244140625,194.6450042724609,194.4600067138672,194.6208953857422,1265842
2026-04-14 17:00:00+00:00,194.5249938964844,194.6499938964844,194.50999450683597,194.56500244140625,931858
2026-04-14 17:05:00+00:00,194.38009643554688,194.63999938964844,194.33999633789065,194.5200042724609,1061914
2026-04-14 17:10:00+00:00,194.625,194.63999938964844,194.38999938964844,194.38999938964844,1092634
2026-04-14 17:15:00+00:00,194.7998962402344,194.8000030517578,194.5249938964844,194.625,1013924
2026-04-14 17:20:00+00:00,194.91000366210935,194.9900054931641,194.7400054931641,194.7899932861328,1866795
2026-04-14 17:25:00+00:00,194.7250061035156,194.94000244140625,194.7100067138672,194.9149932861328,927219
2026-04-14 17:30:00+00:00,194.7449951171875,194.80999755859372,194.69000244140625,194.72999572753903,710796
2026-04-14 17:35:00+00:00,194.8500061035156,194.8500061035156,194.6499938964844,194.7449951171875,726438
2026-04-14 17:40:00+00:00,194.7899932861328,194.875,194.76499938964844,194.84500122070312,600124
2026-04-14 17:45:00+00:00,194.75,194.8249969482422,194.7100067138672,194.7899932861328,652610
2026-04-14 17:50:00+00:00,194.80990600585935,194.8600006103516,194.72000122070312,194.7550048828125,655420
2026-04-14 17:55:00+00:00,194.7801055908203,194.8600006103516,194.72999572753903,194.8000030517578,748311
2026-04-14 18:00:00+00:00,194.7749938964844,194.86990356445312,194.75,194.78500366210935,582852
2026-04-14 18:05:00+00:00,194.84500122070312,194.8600006103516,194.75,194.7700042724609,647328
2026-04-14 18:10:00+00:00,194.85499572753903,194.8999938964844,194.77999877929688,194.84500122070312,726618
2026-04-14 18:15:00+00:00,194.59500122070312,194.8699951171875,194.5249938964844,194.8592987060547,898343
2026-04-14 18:20:00+00:00,194.44700622558597,194.68499755859372,194.3999938964844,194.6100006103516,929873
2026-04-14 18:25:00+00:00,194.5800018310547,194.6999969482422,194.38999938964844,194.4600067138672,933155
2026-04-14 18:30:00+00:00,194.71499633789065,194.75,194.56500244140625,194.5749969482422,631258
2026-04-14 18:35:00+00:00,194.84500122070312,194.8699951171875,194.6999969482422,194.72000122070312,754681
2026-04-14 18:40:00+00:00,194.7100067138672,194.9499969482422,194.67999267578125,194.8500061035156,1234230
2026-04-14 18:45:00+00:00,194.74989318847656,194.77999877929688,194.6699981689453,194.7100067138672,753803
2026-04-14 18:50:00+00:00,194.78500366210935,194.83999633789065,194.72999572753903,194.7400054931641,950675
2026-04-14 18:55:00+00:00,194.9369964599609,194.94500732421875,194.7700042724609,194.78500366210935,728327
2026-04-14 19:00:00+00:00,195.5449981689453,195.5596923828125,194.8999938964844,194.93499755859372,4731618
2026-04-14 19:05:00+00:00,195.8600006103516,195.9149932861328,195.5200042724609,195.55999755859372,1991453
2026-04-14 19:10:00+00:00,196.1100006103516,196.1699981689453,195.8500061035156,195.860107421875,2717935
2026-04-14 19:15:00+00:00,196.1499938964844,196.33999633789065,196.0800018310547,196.1199951171875,1991202
2026-04-14 19:20:00+00:00,196.2100067138672,196.2899932861328,196.1199951171875,196.1499938964844,1395129
2026-04-14 19:25:00+00:00,196.20989990234372,196.30999755859372,196.1300048828125,196.2100067138672,1429688
2026-04-14 19:30:00+00:00,196.1000061035156,196.3500061035156,196.05999755859372,196.1999969482422,1630643
2026-04-14 19:35:00+00:00,196.26499938964844,196.2899932861328,195.92999267578125,196.08999633789065,1802729
2026-04-14 19:40:00+00:00,195.9398956298828,196.3000030517578,195.91000366210935,196.25999450683597,1771811
2026-04-14 19:45:00+00:00,195.94700622558597,196.01499938964844,195.7100067138672,195.93499755859372,1900782
2026-04-14 19:50:00+00:00,195.94500732421875,196.0,195.57000732421875,195.9499969482422,3359381
2026-04-14 19:55:00+00:00,196.4900054931641,196.5,195.9499969482422,195.9499969482422,6028983
2026-04-15 13:30:00+00:00,198.0299072265625,198.67999267578125,196.25999450683597,196.5500030517578,12108871
2026-04-15 13:35:00+00:00,197.84500122070312,198.6000061035156,197.33999633789065,198.0249938964844,4980261
2026-04-15 13:40:00+00:00,196.88999938964844,198.0200042724609,196.7306060791016,197.84500122070312,3747960
2026-04-15 13:45:00+00:00,198.06509399414065,198.1100006103516,196.81179809570312,196.88499450683597,2936815
2026-04-15 13:50:00+00:00,197.90499877929688,198.4900054931641,197.8600006103516,198.07000732421875,3325494
2026-04-15 13:55:00+00:00,198.52999877929688,198.66000366210935,197.66000366210935,197.90499877929688,3176053
2026-04-15 14:00:00+00:00,198.6150054931641,198.7949981689453,198.2200927734375,198.5399932861328,3500867
2026-04-15 14:05:00+00:00,198.70989990234372,198.77999877929688,198.2700042724609,198.6100006103516,2245558
2026-04-15 14:10:00+00:00,198.8800048828125,198.9199981689453,198.5200042724609,198.7100067138672,2558175
2026-04-15 14:15:00+00:00,198.5702972412109,199.08639526367188,198.5402984619141,198.8800048828125,3310627
2026-04-15 14:20:00+00:00,199.25,199.33999633789065,198.5500030517578,198.57000732421875,2465909
2026-04-15 14:25:00+00:00,199.2400054931641,199.5800018310547,199.1300048828125,199.2400054931641,2916185
2026-04-15 14:30:00+00:00,199.61990356445312,199.72000122070312,199.1000061035156,199.2599029541016,2860662
2026-04-15 14:35:00+00:00,199.2449951171875,199.8699951171875,199.1499938964844,199.6150054931641,2669829
2026-04-15 14:40:00+00:00,199.2205047607422,199.4600067138672,199.0800018310547,199.2480010986328,1793587
2026-04-15 14:45:00+00:00,199.3699951171875,199.41000366210935,199.0200042724609,199.2250061035156,1643085
2026-04-15 14:50:00+00:00,199.42010498046875,199.57000732421875,199.2700042724609,199.375,1522582
2026-04-15 14:55:00+00:00,199.3600006103516,199.63999938964844,199.3000030517578,199.42999267578125,1551055
2026-04-15 15:00:00+00:00,199.6100006103516,199.77999877929688,199.3300018310547,199.3699951171875,1887320
2026-04-15 15:05:00+00:00,199.47000122070312,199.6199951171875,199.3800048828125,199.60499572753903,1895148
2026-04-15 15:10:00+00:00,199.72000122070312,199.8600006103516,199.4427947998047,199.47999572753903,1815385
2026-04-15 15:15:00+00:00,199.68499755859372,199.7928924560547,199.5749969482422,199.7250061035156,2346538
2026-04-15 15:20:00+00:00,199.781005859375,199.85499572753903,199.5800018310547,199.69000244140625,1280887
2026-04-15 15:25:00+00:00,199.80999755859372,199.94000244140625,199.7100067138672,199.78500366210935,1822354
2026-04-15 15:30:00+00:00,199.55499267578125,199.82000732421875,199.44000244140625,199.7949981689453,1789979
2026-04-15 15:35:00+00:00,199.5200042724609,199.69009399414065,199.42999267578125,199.55499267578125,1322652
2026-04-15 15:40:00+00:00,199.8650054931641,199.97999572753903,199.5200042724609,199.5359039306641,1741308
2026-04-15 15:45:00+00:00,199.92999267578125,200.3999938964844,199.67999267578125,199.875,7536295
2026-04-15 15:50:00+00:00,199.7899932861328,199.9600067138672,199.56500244140625,199.94000244140625,2147096
2026-04-15 15:55:00+00:00,199.68499755859372,199.8699951171875,199.47999572753903,199.80999755859372,1394436
2026-04-15 16:00:00+00:00,199.3999938964844,199.69000244140625,199.3500061035156,199.67999267578125,1391160
2026-04-15 16:05:00+00:00,199.69000244140625,199.75,199.32009887695312,199.38999938964844,1162807
2026-04-15 16:10:00+00:00,199.51499938964844,199.72000122070312,199.5,199.69569396972656,878849
2026-04-15 16:15:00+00:00,199.4900054931641,199.5299072265625,199.1300048828125,199.51499938964844,1449751
2026-04-15 16:20:00+00:00,199.57989501953125,199.75999450683597,199.48049926757807,199.48049926757807,1201592
2026-04-15 16:25:00+00:00,199.125,199.57989501953125,199.08999633789065,199.5749969482422,1295480
2026-04-15 16:30:00+00:00,198.4499969482422,199.13999938964844,198.27999877929688,199.1201934814453,2493978
2026-04-15 16:35:00+00:00,198.21499633789065,198.69000244140625,198.2100982666016,198.4499969482422,1295444
2026-04-15 16:40:00+00:00,197.77999877929688,198.22999572753903,197.58999633789065,198.2100067138672,2404131
2026-04-15 16:45:00+00:00,197.4900054931641,197.80999755859372,197.19500732421875,197.77999877929688,2599989
2026-04-15 16:50:00+00:00,196.6699981689453,197.6699981689453,196.62989807128903,197.49110412597656,2600199
2026-04-15 16:55:00+00:00,197.07000732421875,197.1699981689453,196.13999938964844,196.67999267578125,2989979
2026-04-15 17:00:00+00:00,197.1000061035156,197.22999572753903,196.8999938964844,197.05499267578125,1857347
2026-04-15 17:05:00+00:00,197.3300018310547,197.5699005126953,197.0601043701172,197.1100006103516,1860179
2026-04-15 17:10:00+00:00,197.28500366210935,197.3699951171875,197.1100006103516,197.33999633789065,1156034
2026-04-15 17:15:00+00:00,197.2250061035156,197.47999572753903,197.1999969482422,197.28500366210935,1212289
2026-04-15 17:20:00+00:00,197.17999267578125,197.25999450683597,197.00999450683597,197.2250061035156,1111145
2026-04-15 17:25:00+00:00,196.97000122070312,197.2449951171875,196.92999267578125,197.18499755859372,1021084
2026-04-15 17:30:00+00:00,197.47999572753903,197.5200042724609,196.9501037597656,196.9550018310547,1115799
2026-04-15 17:35:00+00:00,197.4199981689453,197.7100067138672,197.3800048828125,197.4750061035156,1134760
2026-04-15 17:40:00+00:00,196.8000030517578,197.4188995361328,196.77999877929688,197.41000366210935,1313742
2026-04-15 17:45:00+00:00,196.91000366210935,196.9900054931641,196.78500366210935,196.8000030517578,1045405
2026-04-15 17:50:00+00:00,196.610107421875,196.94900512695312,196.6100006103516,196.91009521484372,949804
2026-04-15 17:55:00+00:00,196.2400054931641,196.6898956298828,196.1699981689453,196.6150054931641,1570240
2026-04-15 18:00:00+00:00,196.3600006103516,196.71969604492188,195.7400054931641,196.2400054931641,3119048
2026-04-15 18:05:00+00:00,196.52999877929688,196.6499938964844,196.13999938964844,196.33999633789065,1516678
2026-04-15 18:10:00+00:00,196.83009338378903,196.97999572753903,196.3800048828125,196.52999877929688,1443488
2026-04-15 18:15:00+00:00,196.7949981689453,197.0399932861328,196.5500030517578,196.8350067138672,1327297
2026-04-15 18:20:00+00:00,196.88999938964844,196.92999267578125,196.63009643554688,196.7998962402344,778613
2026-04-15 18:25:00+00:00,196.9698944091797,197.1300048828125,196.75999450683597,196.88999938964844,1098079
2026-04-15 18:30:00+00:00,197.31500244140625,197.33999633789065,196.95249938964844,196.9600067138672,1079504
2026-04-15 18:35:00+00:00,197.35499572753903,197.5200042724609,197.27999877929688,197.3280029296875,1396376
2026-04-15 18:40:00+00:00,197.30499267578125,197.375,197.17010498046875,197.3500061035156,937530
2026-04-15 18:45:00+00:00,197.375,197.38510131835935,197.20159912109372,197.3096923828125,789266
2026-04-15 18:50:00+00:00,197.39840698242188,197.5198974609375,197.22999572753903,197.375,1129476
2026-04-15 18:55:00+00:00,197.31500244140625,197.4698944091797,197.3000030517578,197.38999938964844,871910
2026-04-15 19:00:00+00:00,197.36019897460935,197.38999938964844,197.1499938964844,197.31500244140625,1081549
2026-04-15 19:05:00+00:00,197.625,197.7899932861328,197.3650054931641,197.3650054931641,1492655
2026-04-15 19:10:00+00:00,197.55999755859372,197.7899932861328,197.5200042724609,197.6300048828125,1242952
2026-04-15 19:15:00+00:00,197.8500061035156,197.92999267578125,197.5200042724609,197.55999755859372,1294008
2026-04-15 19:20:00+00:00,198.0050048828125,198.13999938964844,197.8000030517578,197.85499572753903,1449602
2026-04-15 19:25:00+00:00,198.23989868164065,198.2700042724609,198.0,198.0,1346886
2026-04-15 19:30:00+00:00,198.26510620117188,198.2899932861328,198.03250122070312,198.2400054931641,1449664
2026-04-15 19:35:00+00:00,198.4250030517578,198.5,198.25999450683597,198.26499938964844,1716874
2026-04-15 19:40:00+00:00,198.22999572753903,198.42999267578125,198.16000366210935,198.4250030517578,1734141
2026-04-15 19:45:00+00:00,198.22000122070312,198.44000244140625,198.0200042724609,198.22000122070312,1617818
2026-04-15 19:50:00+00:00,198.72999572753903,198.82000732421875,198.22999572753903,198.22999572753903,2983391
2026-04-15 19:55:00+00:00,198.8677978515625,199.1699981689453,198.69000244140625,198.72999572753903,7014211
2026-04-16 13:30:00+00:00,197.38999938964844,197.75750732421875,195.80999755859372,197.42999267578125,10706824
2026-04-16 13:35:00+00:00,196.9250030517578,197.589599609375,196.72999572753903,197.38499450683597,2813402
2026-04-16 13:40:00+00:00,197.1199951171875,197.5500030517578,196.3300018310547,196.92999267578125,2900264
2026-04-16 13:45:00+00:00,197.25999450683597,197.3800048828125,196.92999267578125,197.1300048828125,2214557
2026-04-16 13:50:00+00:00,196.07000732421875,197.25999450683597,196.0,197.25999450683597,3035612
2026-04-16 13:55:00+00:00,196.72979736328125,196.9199981689453,196.0200042724609,196.07989501953125,2392413
2026-04-16 14:00:00+00:00,197.3699951171875,197.4600067138672,196.41000366210935,196.72999572753903,2479848
2026-04-16 14:05:00+00:00,197.47999572753903,197.6699981689453,197.1309967041016,197.3650054931641,2022929
2026-04-16 14:10:00+00:00,197.3800048828125,197.7400054931641,197.22999572753903,197.47999572753903,2063368
2026-04-16 14:15:00+00:00,197.34500122070312,197.47000122070312,196.8699951171875,197.3896942138672,1568679
2026-04-16 14:20:00+00:00,197.3603057861328,197.5500030517578,197.0200042724609,197.3350067138672,1272375
2026-04-16 14:25:00+00:00,197.3699951171875,197.75999450683597,197.32000732421875,197.3699951171875,1396759
2026-04-16 14:30:00+00:00,197.7001037597656,197.75999450683597,197.30999755859372,197.3699951171875,1219616
2026-04-16 14:35:00+00:00,197.81500244140625,198.00999450683597,197.54010009765625,197.6999969482422,1668147
2026-04-16 14:40:00+00:00,197.84500122070312,197.8800048828125,197.47999572753903,197.81500244140625,1400803
2026-04-16 14:45:00+00:00,198.3401031494141,198.3699951171875,197.82000732421875,197.8500061035156,1865772
2026-04-16 14:50:00+00:00,198.5249938964844,198.5500030517578,198.08999633789065,198.3500061035156,1479596
2026-04-16 14:55:00+00:00,198.67999267578125,198.75,198.2700042724609,198.5200042724609,1537450
2026-04-16 15:00:00+00:00,199.2801055908203,199.35499572753903,198.6499938964844,198.6750030517578,2121731
2026-04-16 15:05:00+00:00,199.58999633789065,199.62989807128903,199.1199951171875,199.27999877929688,1919791
2026-04-16 15:10:00+00:00,199.3300018310547,199.8500061035156,199.25,199.5998992919922,2414073
2026-04-16 15:15:00+00:00,199.22000122070312,199.6100006103516,199.1699981689453,199.3300018310547,1472791
2026-04-16 15:20:00+00:00,199.57000732421875,199.6199951171875,199.22000122070312,199.22000122070312,1223359
2026-04-16 15:25:00+00:00,199.00999450683597,199.6499938964844,199.0,199.5621032714844,1371349
2026-04-16 15:30:00+00:00,199.2250061035156,199.2700042724609,198.9600067138672,199.0200042724609,1339736
2026-04-16 15:35:00+00:00,199.33999633789065,199.6300048828125,199.17999267578125,199.22999572753903,1475324
2026-04-16 15:40:00+00:00,199.1199951171875,199.3699951171875,198.8500061035156,199.34469604492188,1528790
2026-04-16 15:45:00+00:00,198.50999450683597,199.1300048828125,198.4002990722656,199.1199951171875,1393976
2026-04-16 15:50:00+00:00,198.7350006103516,198.889892578125,198.4750061035156,198.50010681152344,1209109
2026-04-16 15:55:00+00:00,198.95989990234372,199.05650329589844,198.72000122070312,198.7400054931641,1104956
2026-04-16 16:00:00+00:00,198.75509643554688,199.09500122070312,198.610107421875,198.97999572753903,1062902
2026-04-16 16:05:00+00:00,198.875,198.92999267578125,198.6450042724609,198.75,853655
2026-04-16 16:10:00+00:00,198.97300720214844,199.0500030517578,198.77999877929688,198.8800048828125,1525163
2026-04-16 16:15:00+00:00,199.1750030517578,199.22000122070312,198.97000122070312,198.97999572753903,968616
2026-04-16 16:20:00+00:00,198.80999755859372,199.18499755859372,198.69000244140625,199.1750030517578,921160
2026-04-16 16:25:00+00:00,198.6199951171875,198.9499969482422,198.58999633789065,198.80499267578125,800868
2026-04-16 16:30:00+00:00,198.13499450683597,198.6499938964844,197.75,198.6150054931641,1405801
2026-04-16 16:35:00+00:00,198.6450042724609,198.7100067138672,197.9499969482422,198.13009643554688,1336225
2026-04-16 16:40:00+00:00,198.5301055908203,198.75999450683597,198.3300018310547,198.63999938964844,842685
2026-04-16 16:45:00+00:00,198.65280151367188,198.8500061035156,198.53500366210935,198.53500366210935,775344
2026-04-16 16:50:00+00:00,198.44500732421875,198.7799072265625,198.3999938964844,198.66000366210935,678248
2026-04-16 16:55:00+00:00,198.35499572753903,198.58999633789065,198.3300018310547,198.4474029541016,633380
2026-04-16 17:00:00+00:00,198.31500244140625,198.4600067138672,198.25,198.3650054931641,1303106
2026-04-16 17:05:00+00:00,198.19500732421875,198.35890197753903,197.9199981689453,198.31500244140625,1023390
2026-04-16 17:10:00+00:00,197.9199981689453,198.3500061035156,197.80999755859372,198.1999969482422,959167
2026-04-16 17:15:00+00:00,198.1298065185547,198.1699981689453,197.8000030517578,197.8999938964844,749145
2026-04-16 17:20:00+00:00,198.41909790039065,198.4199981689453,198.0200042724609,198.1300048828125,1632529
2026-04-16 17:25:00+00:00,198.4149932861328,198.5500030517578,198.3699951171875,198.4199981689453,764045
2026-04-16 17:30:00+00:00,198.28500366210935,198.5449981689453,198.26499938964844,198.4174041748047,785169
2026-04-16 17:35:00+00:00,198.3350067138672,198.3699951171875,198.1419982910156,198.2949981689453,581621
2026-04-16 17:40:00+00:00,198.69500732421875,198.6999969482422,198.3350067138672,198.3350067138672,786506
2026-04-16 17:45:00+00:00,198.7001037597656,198.7299041748047,198.5500946044922,198.6999969482422,814581
2026-04-16 17:50:00+00:00,198.49940490722656,198.6999969482422,198.4600067138672,198.6999969482422,686793
2026-04-16 17:55:00+00:00,198.20989990234372,198.4900054931641,197.92999267578125,198.4900054931641,1226658
2026-04-16 18:00:00+00:00,198.08999633789065,198.3999938964844,198.0800018310547,198.1999969482422,1019727
2026-04-16 18:05:00+00:00,197.63499450683597,198.1999969482422,197.47999572753903,198.08999633789065,1215082
2026-04-16 18:10:00+00:00,197.9499969482422,198.02999877929688,197.5249938964844,197.63499450683597,1162127
2026-04-16 18:15:00+00:00,197.96499633789065,198.0399932861328,197.8000030517578,197.94500732421875,779845
2026-04-16 18:20:00+00:00,197.68499755859372,198.0500030517578,197.5850067138672,197.96499633789065,930554
2026-04-16 18:25:00+00:00,197.4949951171875,197.77999877929688,197.3000030517578,197.69000244140625,1234616
2026-04-16 18:30:00+00:00,197.81500244140625,197.9199066162109,197.4850006103516,197.4900054931641,1205890
2026-04-16 18:35:00+00:00,198.0850067138672,198.2100067138672,197.8000030517578,197.80499267578125,1011813
2026-04-16 18:40:00+00:00,198.22999572753903,198.25999450683597,198.07000732421875,198.0800018310547,894426
2026-04-16 18:45:00+00:00,198.2050018310547,198.38999938964844,198.16000366210935,198.22999572753903,874916
2026-04-16 18:50:00+00:00,198.26499938964844,198.38999938964844,198.05499267578125,198.1999969482422,818191
2026-04-16 18:55:00+00:00,198.1150054931641,198.2899932861328,197.97000122070312,198.26499938964844,899917
2026-04-16 19:00:00+00:00,198.3101043701172,198.35499572753903,198.1000061035156,198.1150054931641,1077035
2026-04-16 19:05:00+00:00,198.1000061035156,198.3500061035156,198.0749969482422,198.3199005126953,1466695
2026-04-16 19:10:00+00:00,198.22999572753903,198.25,198.02999877929688,198.1000061035156,1290870
2026-04-16 19:15:00+00:00,198.2700042724609,198.33999633789065,198.17999267578125,198.2400054931641,1777700
2026-04-16 19:20:00+00:00,198.1750030517578,198.3500061035156,198.05999755859372,198.2696990966797,923437
2026-04-16 19:25:00+00:00,198.1199951171875,198.30999755859372,198.1000061035156,198.1750030517578,1256378
2026-04-16 19:30:00+00:00,198.3000030517578,198.4499969482422,198.09500122070312,198.1199951171875,1180544
2026-04-16 19:35:00+00:00,198.4949951171875,198.6000061035156,198.2700042724609,198.3000030517578,1108793
2026-04-16 19:40:00+00:00,198.2899932861328,198.57000732421875,198.2700042724609,198.4907073974609,1091371
2026-04-16 19:45:00+00:00,198.38499450683597,198.4550018310547,198.1699981689453,198.27999877929688,1190748
2026-04-16 19:50:00+00:00,198.22979736328125,198.7700042724609,198.1100006103516,198.38999938964844,2166963
2026-04-16 19:55:00+00:00,198.2400054931641,198.4900054931641,198.1199951171875,198.22999572753903,4436125
2026-04-17 13:30:00+00:00,199.83009338378903,200.88999938964844,199.2700042724609,199.8800048828125,20641856
2026-04-17 13:35:00+00:00,200.60499572753903,200.69000244140625,199.47000122070312,199.83999633789065,3904688
2026-04-17 13:40:00+00:00,200.4698944091797,200.68499755859372,200.05999755859372,200.60040283203125,3906788
2026-04-17 13:45:00+00:00,201.03509521484372,201.08999633789065,200.10499572753903,200.47000122070312,4493519
2026-04-17 13:50:00+00:00,201.19000244140625,201.3999938964844,200.91000366210935,201.0449981689453,3194950
2026-04-17 13:55:00+00:00,201.1499938964844,201.22999572753903,200.44000244140625,201.19000244140625,2567509
2026-04-17 14:00:00+00:00,201.25999450683597,201.3999938964844,201.07000732421875,201.15499877929688,2328249
2026-04-17 14:05:00+00:00,201.0301055908203,201.42999267578125,201.01010131835935,201.2749938964844,3149933
2026-04-17 14:10:00+00:00,201.4900054931641,201.67999267578125,200.8800048828125,201.03030395507807,3120107
2026-04-17 14:15:00+00:00,201.06640625,201.47000122070312,200.8999938964844,201.47000122070312,2009894
2026-04-17 14:20:00+00:00,200.20509338378903,201.0679931640625,200.00999450683597,201.0679931640625,2613888
2026-04-17 14:25:00+00:00,200.375,200.44000244140625,199.7957000732422,200.2100067138672,3191779
2026-04-17 14:30:00+00:00,200.6300048828125,200.72999572753903,200.3500061035156,200.375,2344438
2026-04-17 14:35:00+00:00,200.71499633789065,200.72999572753903,200.2400054931641,200.6300048828125,1669324
2026-04-17 14:40:00+00:00,200.625,200.91000366210935,200.5399932861328,200.72000122070312,1720402
2026-04-17 14:45:00+00:00,200.7899932861328,200.8551025390625,200.52999877929688,200.63999938964844,1148116
2026-04-17 14:50:00+00:00,200.3600006103516,200.8699951171875,200.2899932861328,200.78500366210935,1347876
2026-04-17 14:55:00+00:00,200.27999877929688,200.6750030517578,200.0200042724609,200.3500061035156,1840635
2026-04-17 15:00:00+00:00,200.5200042724609,200.6199951171875,200.1199951171875,200.3199005126953,1463513
2026-04-17 15:05:00+00:00,200.8701019287109,200.9199981689453,200.4801025390625,200.5399932861328,1356296
2026-04-17 15:10:00+00:00,200.72999572753903,200.9900054931641,200.5850067138672,200.8699951171875,1402319
2026-04-17 15:15:00+00:00,200.5301055908203,200.8800048828125,200.3300018310547,200.72999572753903,1115898
2026-04-17 15:20:00+00:00,200.6699981689453,200.7899932861328,200.3800048828125,200.5301055908203,1007115
2026-04-17 15:25:00+00:00,200.63999938964844,200.8500061035156,200.5749969482422,200.67120361328125,930349
2026-04-17 15:30:00+00:00,200.8699951171875,200.8999938964844,200.6199951171875,200.63499450683597,928993
2026-04-17 15:35:00+00:00,201.2050018310547,201.2100067138672,200.8000030517578,200.875,1829763
2026-04-17 15:40:00+00:00,200.91000366210935,201.3000030517578,200.88999938964844,201.2100067138672,1497450
2026-04-17 15:45:00+00:00,201.2350006103516,201.3500061035156,200.9149932861328,200.93499755859372,1263563
2026-04-17 15:50:00+00:00,201.02999877929688,201.3999938964844,200.9701995849609,201.2400054931641,1331770
2026-04-17 15:55:00+00:00,200.40499877929688,201.05499267578125,200.3600006103516,201.0200042724609,1210036
2026-04-17 16:00:00+00:00,200.6300048828125,200.73989868164065,200.22999572753903,200.41000366210935,2294604
2026-04-17 16:05:00+00:00,200.88999938964844,200.9600067138672,200.6100006103516,200.6300048828125,1103603
2026-04-17 16:10:00+00:00,200.9001007080078,201.08999633789065,200.8500061035156,200.8800048828125,1264982
2026-04-17 16:15:00+00:00,200.5850067138672,201.07000732421875,200.55999755859372,200.8999938964844,1200477
2026-04-17 16:20:00+00:00,200.69500732421875,200.75,200.5800018310547,200.58990478515625,938620
2026-04-17 16:25:00+00:00,200.69000244140625,200.82000732421875,200.6199951171875,200.69500732421875,3682589
2026-04-17 16:30:00+00:00,200.47999572753903,200.75999450683597,200.38999938964844,200.6999969482422,1238472
2026-04-17 16:35:00+00:00,200.625,200.72000122070312,200.43499755859372,200.47999572753903,979255
2026-04-17 16:40:00+00:00,200.58999633789065,200.66000366210935,200.47999572753903,200.6450042724609,725652
2026-04-17 16:45:00+00:00,200.7400054931641,200.8699951171875,200.5449981689453,200.5800018310547,953037
2026-04-17 16:50:00+00:00,200.7050018310547,200.77999877929688,200.6499938964844,200.7350006103516,666852
2026-04-17 16:55:00+00:00,200.7350006103516,200.8000030517578,200.63499450683597,200.7050018310547,860247
2026-04-17 17:00:00+00:00,200.67979431152344,200.8500061035156,200.5800018310547,200.7400054931641,960197
2026-04-17 17:05:00+00:00,200.3800048828125,200.69500732421875,200.1629943847656,200.67999267578125,1110362
2026-04-17 17:10:00+00:00,200.32009887695312,200.4250030517578,200.1199951171875,200.3999938964844,1755578
2026-04-17 17:15:00+00:00,200.16000366210935,200.4900054931641,200.1300048828125,200.32009887695312,756420
2026-04-17 17:20:00+00:00,199.6999969482422,200.25,199.47000122070312,200.16000366210935,1875760
2026-04-17 17:25:00+00:00,199.8800048828125,199.92999267578125,199.5825042724609,199.7001037597656,1139989
2026-04-17 17:30:00+00:00,200.00999450683597,200.1199951171875,199.8401031494141,199.8699951171875,911250
2026-04-17 17:35:00+00:00,200.1699981689453,200.2700042724609,199.91000366210935,200.00669860839844,838724
2026-04-17 17:40:00+00:00,200.32000732421875,200.3500061035156,200.1699981689453,200.1750030517578,759962
2026-04-17 17:45:00+00:00,200.44000244140625,200.6199951171875,200.3101043701172,200.32000732421875,1446504
2026-04-17 17:50:00+00:00,200.38499450683597,200.53500366210935,200.3500061035156,200.44000244140625,809556
2026-04-17 17:55:00+00:00,200.3101959228516,200.5500030517578,200.3000030517578,200.38999938964844,630037
2026-04-17 18:00:00+00:00,200.4199981689453,200.55999755859372,200.31500244140625,200.31500244140625,1182748
2026-04-17 18:05:00+00:00,200.3800048828125,200.52999877929688,200.30999755859372,200.4199981689453,630742
2026-04-17 18:10:00+00:00,200.44009399414065,200.5500030517578,200.3600006103516,200.3950042724609,660031
2026-04-17 18:15:00+00:00,200.6699981689453,200.7899932861328,200.3999938964844,200.4600982666016,983404
2026-04-17 18:20:00+00:00,200.69000244140625,200.75,200.3800048828125,200.66000366210935,967978
2026-04-17 18:25:00+00:00,200.6499938964844,200.88510131835935,200.5399932861328,200.66000366210935,1141191
2026-04-17 18:30:00+00:00,200.7899932861328,200.80999755859372,200.5901031494141,200.66000366210935,683585
2026-04-17 18:35:00+00:00,200.85989379882807,200.94000244140625,200.72999572753903,200.7949981689453,762061
2026-04-17 18:40:00+00:00,200.9499969482422,200.9597930908203,200.7700042724609,200.83999633789065,697450
2026-04-17 18:45:00+00:00,200.8300018310547,200.9900054931641,200.8000030517578,200.94000244140625,712022
2026-04-17 18:50:00+00:00,200.72000122070312,200.8350067138672,200.5500030517578,200.82899475097656,1207927
2026-04-17 18:55:00+00:00,200.8600006103516,200.9900054931641,200.6999969482422,200.7250061035156,1048685
2026-04-17 19:00:00+00:00,200.92999267578125,200.9600067138672,200.8300018310547,200.8699951171875,671213
2026-04-17 19:05:00+00:00,200.8650054931641,200.92999267578125,200.72999572753903,200.92010498046875,818027
2026-04-17 19:10:00+00:00,200.8999938964844,200.9600067138672,200.7400054931641,200.86659240722656,865647
2026-04-17 19:15:00+00:00,201.28509521484372,201.37989807128903,200.8800048828125,200.88999938964844,2004283
2026-04-17 19:20:00+00:00,201.3600006103516,201.4499969482422,201.2700042724609,201.2899932861328,1195926
2026-04-17 19:25:00+00:00,201.25999450683597,201.47999572753903,201.25999450683597,201.35499572753903,1274940
2026-04-17 19:30:00+00:00,201.2899932861328,201.3999938964844,201.22000122070312,201.27999877929688,983517
2026-04-17 19:35:00+00:00,201.32000732421875,201.3500061035156,201.1199951171875,201.27999877929688,1155375
2026-04-17 19:40:00+00:00,201.3800048828125,201.4600067138672,201.2100067138672,201.33999633789065,1458953
2026-04-17 19:45:00+00:00,201.4550018310547,201.47000122070312,201.25999450683597,201.3800048828125,1206272
2026-04-17 19:50:00+00:00,201.47999572753903,201.60499572753903,201.32000732421875,201.47000122070312,2606804
2026-04-17 19:55:00+00:00,201.6499938964844,201.6999969482422,201.4199981689453,201.4900054931641,4559560
